{
  "uid" : "4b4757e66a1912dae1a509f688f20b0f",
  "name" : "categories",
  "children" : [ {
    "name" : "Product defects",
    "children" : [ {
      "name" : "pytest_assume.plugin.FailedAssumption: \nOriginal Failure:\n\n>> JSONDecodeError('Expecting value: line 1 column 1 (char 0)')\n\n1 Failed Assumptions:\n\ntestcases\\buyer\\test_001_buy_now_api.py:39: AssumptionFailure\n>>\tpytest.assume(status_code == expect_statuscode, f'实际值是:{status_code},期望值是：{expect_statuscode}')\nAssertionError: 实际值是:200,期望值是：500\nassert False",
      "children" : [ {
        "name" : "sku_id已下架",
        "uid" : "a1b8538495cba7c6",
        "parentUid" : "fbcdd320ed48dcf38e6e142573b54fcd",
        "status" : "failed",
        "time" : {
          "start" : 1659862729695,
          "stop" : 1659862729791,
          "duration" : 96
        },
        "flaky" : false,
        "newFailed" : false,
        "parameters" : [ "'sku_id已下架'", "'\"004\"'", "'不合法'", "500", "1", "538" ]
      } ],
      "uid" : "fbcdd320ed48dcf38e6e142573b54fcd"
    }, {
      "name" : "AssertionError: assert 200 == 400\n  +200\n  -400",
      "children" : [ {
        "name" : "商品编号为空",
        "uid" : "21993d2bc2f807a",
        "parentUid" : "58bb90b1c65a550cf9b7a9c3f4705361",
        "status" : "failed",
        "time" : {
          "start" : 1659862747154,
          "stop" : 1659862747401,
          "duration" : 247
        },
        "flaky" : false,
        "newFailed" : false,
        "parameters" : [ "'商品编号为空'", "'{\n\"$.sn\":\"\"\n}'", "400" ]
      }, {
        "name" : "exchange_point为18",
        "uid" : "3a54a3187c6f1774",
        "parentUid" : "58bb90b1c65a550cf9b7a9c3f4705361",
        "status" : "failed",
        "time" : {
          "start" : 1659862747707,
          "stop" : 1659862747938,
          "duration" : 231
        },
        "flaky" : false,
        "newFailed" : false,
        "parameters" : [ "'exchange_point为18'", "'{\n\"$.exchange.exchange_point\":18\n}'", "400" ]
      } ],
      "uid" : "58bb90b1c65a550cf9b7a9c3f4705361"
    } ],
    "uid" : "8fb3a91ba5aaf9de24cc8a92edc82b5d"
  } ]
}