{
  "uid" : "83edc06c07f9ae9e47eb6dd1b683e4e2",
  "name" : "packages",
  "children" : [ {
    "name" : "testcases",
    "children" : [ {
      "name" : "business_flow.test_900_order_flow",
      "children" : [ {
        "name" : "立即购买",
        "uid" : "f4d0775f0df68571",
        "parentUid" : "39629425d11b34ebbaa2329b3ca4783c",
        "status" : "passed",
        "time" : {
          "start" : 1659862716131,
          "stop" : 1659862717103,
          "duration" : 972
        },
        "flaky" : false,
        "newFailed" : false,
        "parameters" : [ ]
      }, {
        "name" : "创建交易",
        "uid" : "58315c224ea5ce50",
        "parentUid" : "39629425d11b34ebbaa2329b3ca4783c",
        "status" : "passed",
        "time" : {
          "start" : 1659862717107,
          "stop" : 1659862718452,
          "duration" : 1345
        },
        "flaky" : false,
        "newFailed" : false,
        "parameters" : [ ]
      }, {
        "name" : "卖家发货",
        "uid" : "2450a4ed578aa011",
        "parentUid" : "39629425d11b34ebbaa2329b3ca4783c",
        "status" : "passed",
        "time" : {
          "start" : 1659862718460,
          "stop" : 1659862719675,
          "duration" : 1215
        },
        "flaky" : false,
        "newFailed" : false,
        "parameters" : [ ]
      }, {
        "name" : "确认收货",
        "uid" : "6f4c4420a94a635d",
        "parentUid" : "39629425d11b34ebbaa2329b3ca4783c",
        "status" : "passed",
        "time" : {
          "start" : 1659862719678,
          "stop" : 1659862721186,
          "duration" : 1508
        },
        "flaky" : false,
        "newFailed" : false,
        "parameters" : [ ]
      }, {
        "name" : "卖家确认收款",
        "uid" : "d13f8e60397ea9de",
        "parentUid" : "39629425d11b34ebbaa2329b3ca4783c",
        "status" : "passed",
        "time" : {
          "start" : 1659862721191,
          "stop" : 1659862723073,
          "duration" : 1882
        },
        "flaky" : false,
        "newFailed" : false,
        "parameters" : [ ]
      }, {
        "name" : "买家评论",
        "uid" : "3fa5fd4df987cfb",
        "parentUid" : "39629425d11b34ebbaa2329b3ca4783c",
        "status" : "passed",
        "time" : {
          "start" : 1659862723075,
          "stop" : 1659862729280,
          "duration" : 6205
        },
        "flaky" : false,
        "newFailed" : false,
        "parameters" : [ ]
      } ],
      "uid" : "business_flow.test_900_order_flow"
    }, {
      "name" : "buyer",
      "children" : [ {
        "name" : "test_001_buy_now_api",
        "children" : [ {
          "name" : "sku_id不存在",
          "uid" : "84421f4103ea2d02",
          "parentUid" : "c8616157d7750e762311cee728617cbf",
          "status" : "passed",
          "time" : {
            "start" : 1659862729608,
            "stop" : 1659862729686,
            "duration" : 78
          },
          "flaky" : false,
          "newFailed" : false,
          "parameters" : [ "'sku_id不存在'", "'\"004\"'", "'不合法'", "500", "1", "6365655" ]
        }, {
          "name" : "sku_id已下架",
          "uid" : "a1b8538495cba7c6",
          "parentUid" : "c8616157d7750e762311cee728617cbf",
          "status" : "failed",
          "time" : {
            "start" : 1659862729695,
            "stop" : 1659862729791,
            "duration" : 96
          },
          "flaky" : false,
          "newFailed" : false,
          "parameters" : [ "'sku_id已下架'", "'\"004\"'", "'不合法'", "500", "1", "538" ]
        }, {
          "name" : "sku_id已删除",
          "uid" : "cbae4fe0909784b4",
          "parentUid" : "c8616157d7750e762311cee728617cbf",
          "status" : "passed",
          "time" : {
            "start" : 1659862729844,
            "stop" : 1659862729929,
            "duration" : 85
          },
          "flaky" : false,
          "newFailed" : false,
          "parameters" : [ "'sku_id已删除'", "'\"004\"'", "'不合法'", "500", "1", "18575" ]
        }, {
          "name" : "num为0",
          "uid" : "7a422fbd6aa9dcc6",
          "parentUid" : "c8616157d7750e762311cee728617cbf",
          "status" : "passed",
          "time" : {
            "start" : 1659862729936,
            "stop" : 1659862730053,
            "duration" : 117
          },
          "flaky" : false,
          "newFailed" : false,
          "parameters" : [ "'num为0'", "'\"004\"'", "'购买数量必须大于0'", "400", "0", "17418" ]
        }, {
          "name" : "num为-1",
          "uid" : "a12bec30e46d049e",
          "parentUid" : "c8616157d7750e762311cee728617cbf",
          "status" : "passed",
          "time" : {
            "start" : 1659862730063,
            "stop" : 1659862730162,
            "duration" : 99
          },
          "flaky" : false,
          "newFailed" : false,
          "parameters" : [ "'num为-1'", "'\"004\"'", "'购买数量必须大于0'", "400", "-1", "17418" ]
        }, {
          "name" : "num超过库存",
          "uid" : "d5a11638bc961cc8",
          "parentUid" : "c8616157d7750e762311cee728617cbf",
          "status" : "passed",
          "time" : {
            "start" : 1659862730175,
            "stop" : 1659862730311,
            "duration" : 136
          },
          "flaky" : false,
          "newFailed" : false,
          "parameters" : [ "'num超过库存'", "'\"451\"'", "'商品库存已不足，不能购买。'", "500", "999999999", "17418" ]
        }, {
          "name" : "test_buy_now_success",
          "uid" : "52ede8852068f51f",
          "parentUid" : "c8616157d7750e762311cee728617cbf",
          "status" : "passed",
          "time" : {
            "start" : 1659862730328,
            "stop" : 1659862730764,
            "duration" : 436
          },
          "flaky" : false,
          "newFailed" : false,
          "parameters" : [ ]
        } ],
        "uid" : "c8616157d7750e762311cee728617cbf"
      }, {
        "name" : "test_002_create_trade_api",
        "children" : [ {
          "name" : "PC-BUY_NOW",
          "uid" : "bd2f785ea7c6d83b",
          "parentUid" : "3beb3ed4bdbd1552743a1b758180d10b",
          "status" : "passed",
          "time" : {
            "start" : 1659862730769,
            "stop" : 1659862732129,
            "duration" : 1360
          },
          "flaky" : false,
          "newFailed" : false,
          "parameters" : [ "'PC'", "200", "'BUY_NOW'" ]
        }, {
          "name" : "WAP-BUY_NOW",
          "uid" : "6a130ec88e1b35db",
          "parentUid" : "3beb3ed4bdbd1552743a1b758180d10b",
          "status" : "passed",
          "time" : {
            "start" : 1659862732137,
            "stop" : 1659862733697,
            "duration" : 1560
          },
          "flaky" : false,
          "newFailed" : false,
          "parameters" : [ "'WAP'", "200", "'BUY_NOW'" ]
        }, {
          "name" : "NATIVE-BUY_NOW",
          "uid" : "923505a2fd128b4f",
          "parentUid" : "3beb3ed4bdbd1552743a1b758180d10b",
          "status" : "passed",
          "time" : {
            "start" : 1659862733701,
            "stop" : 1659862735164,
            "duration" : 1463
          },
          "flaky" : false,
          "newFailed" : false,
          "parameters" : [ "'NATIVE'", "200", "'BUY_NOW'" ]
        }, {
          "name" : "REACT-BUY_NOW",
          "uid" : "5afe0cb180e9b061",
          "parentUid" : "3beb3ed4bdbd1552743a1b758180d10b",
          "status" : "passed",
          "time" : {
            "start" : 1659862735171,
            "stop" : 1659862736625,
            "duration" : 1454
          },
          "flaky" : false,
          "newFailed" : false,
          "parameters" : [ "'REACT'", "200", "'BUY_NOW'" ]
        }, {
          "name" : "MINI-BUY_NOW",
          "uid" : "27a0d3311bcc76e1",
          "parentUid" : "3beb3ed4bdbd1552743a1b758180d10b",
          "status" : "passed",
          "time" : {
            "start" : 1659862736629,
            "stop" : 1659862738050,
            "duration" : 1421
          },
          "flaky" : false,
          "newFailed" : false,
          "parameters" : [ "'MINI'", "200", "'BUY_NOW'" ]
        }, {
          "name" : "PC-CART",
          "uid" : "bbb9841422336f7c",
          "parentUid" : "3beb3ed4bdbd1552743a1b758180d10b",
          "status" : "passed",
          "time" : {
            "start" : 1659862738055,
            "stop" : 1659862739446,
            "duration" : 1391
          },
          "flaky" : false,
          "newFailed" : false,
          "parameters" : [ "'PC'", "200", "'CART'" ]
        }, {
          "name" : "WAP-CART",
          "uid" : "c24dc40a220f1b95",
          "parentUid" : "3beb3ed4bdbd1552743a1b758180d10b",
          "status" : "passed",
          "time" : {
            "start" : 1659862739457,
            "stop" : 1659862741070,
            "duration" : 1613
          },
          "flaky" : false,
          "newFailed" : false,
          "parameters" : [ "'WAP'", "200", "'CART'" ]
        }, {
          "name" : "NATIVE-CART",
          "uid" : "a76dc1445c4abeee",
          "parentUid" : "3beb3ed4bdbd1552743a1b758180d10b",
          "status" : "passed",
          "time" : {
            "start" : 1659862741074,
            "stop" : 1659862743788,
            "duration" : 2714
          },
          "flaky" : false,
          "newFailed" : false,
          "parameters" : [ "'NATIVE'", "200", "'CART'" ]
        }, {
          "name" : "REACT-CART",
          "uid" : "97bdbc2ff80ab656",
          "parentUid" : "3beb3ed4bdbd1552743a1b758180d10b",
          "status" : "passed",
          "time" : {
            "start" : 1659862743793,
            "stop" : 1659862745398,
            "duration" : 1605
          },
          "flaky" : false,
          "newFailed" : false,
          "parameters" : [ "'REACT'", "200", "'CART'" ]
        }, {
          "name" : "MINI-CART",
          "uid" : "36cf2700c6994b43",
          "parentUid" : "3beb3ed4bdbd1552743a1b758180d10b",
          "status" : "passed",
          "time" : {
            "start" : 1659862745404,
            "stop" : 1659862746939,
            "duration" : 1535
          },
          "flaky" : false,
          "newFailed" : false,
          "parameters" : [ "'MINI'", "200", "'CART'" ]
        } ],
        "uid" : "3beb3ed4bdbd1552743a1b758180d10b"
      }, {
        "name" : "test_003_checkout_params_api",
        "children" : [ {
          "name" : "设置订单收货地址成功",
          "uid" : "c3f52ba7bc4ac232",
          "parentUid" : "2854cb362e3737ce2ff0d76132fd14bd",
          "status" : "passed",
          "time" : {
            "start" : 1659862746943,
            "stop" : 1659862747074,
            "duration" : 131
          },
          "flaky" : false,
          "newFailed" : false,
          "parameters" : [ ]
        } ],
        "uid" : "2854cb362e3737ce2ff0d76132fd14bd"
      } ],
      "uid" : "1fe3bf0d3e98c543c6475efefaace758"
    }, {
      "name" : "seller.test_500_addgoods",
      "children" : [ {
        "name" : "商品名称为空",
        "uid" : "b8bb96dba9ac85a9",
        "parentUid" : "924b3e4e336f32f237022a18b9e4eb4b",
        "status" : "passed",
        "time" : {
          "start" : 1659862747078,
          "stop" : 1659862747144,
          "duration" : 66
        },
        "flaky" : false,
        "newFailed" : false,
        "parameters" : [ "'商品名称为空'", "'{\n\"$.goods_name\":\"\"\n}'", "400" ]
      }, {
        "name" : "商品编号为空",
        "uid" : "21993d2bc2f807a",
        "parentUid" : "924b3e4e336f32f237022a18b9e4eb4b",
        "status" : "failed",
        "time" : {
          "start" : 1659862747154,
          "stop" : 1659862747401,
          "duration" : 247
        },
        "flaky" : false,
        "newFailed" : false,
        "parameters" : [ "'商品编号为空'", "'{\n\"$.sn\":\"\"\n}'", "400" ]
      }, {
        "name" : "商品价格为空",
        "uid" : "e9333dc6e604f103",
        "parentUid" : "924b3e4e336f32f237022a18b9e4eb4b",
        "status" : "passed",
        "time" : {
          "start" : 1659862747410,
          "stop" : 1659862747492,
          "duration" : 82
        },
        "flaky" : false,
        "newFailed" : false,
        "parameters" : [ "'商品价格为空'", "'{\n\"$.price\":\"\"\n}'", "400" ]
      }, {
        "name" : "商品市场价格为空",
        "uid" : "4afe0acc486e1ba0",
        "parentUid" : "924b3e4e336f32f237022a18b9e4eb4b",
        "status" : "passed",
        "time" : {
          "start" : 1659862747500,
          "stop" : 1659862747589,
          "duration" : 89
        },
        "flaky" : false,
        "newFailed" : false,
        "parameters" : [ "'商品市场价格为空'", "'{\n\"$.mktprice\":\"\"\n}'", "400" ]
      }, {
        "name" : "图片为空",
        "uid" : "e861cfee36dd5deb",
        "parentUid" : "924b3e4e336f32f237022a18b9e4eb4b",
        "status" : "passed",
        "time" : {
          "start" : 1659862747594,
          "stop" : 1659862747702,
          "duration" : 108
        },
        "flaky" : false,
        "newFailed" : false,
        "parameters" : [ "'图片为空'", "'{\n\"$.goods_gallery_list\":[]\n}'", "400" ]
      }, {
        "name" : "exchange_point为18",
        "uid" : "3a54a3187c6f1774",
        "parentUid" : "924b3e4e336f32f237022a18b9e4eb4b",
        "status" : "failed",
        "time" : {
          "start" : 1659862747707,
          "stop" : 1659862747938,
          "duration" : 231
        },
        "flaky" : false,
        "newFailed" : false,
        "parameters" : [ "'exchange_point为18'", "'{\n\"$.exchange.exchange_point\":18\n}'", "400" ]
      } ],
      "uid" : "seller.test_500_addgoods"
    } ],
    "uid" : "141fa05f02bf329144b0086cf92149a8"
  } ]
}