"Status","Start Time","Stop Time","Duration in ms","Parent Suite","Suite","Sub Suite","Test Class","Test Method","Name","Description"
"passed","Sun Aug 07 16:59:01 CST 2022","Sun Aug 07 16:59:03 CST 2022","2714","testcases.buyer","test_002_create_trade_api","TestCreateTradeApi","","","NATIVE-CART",""
"passed","Sun Aug 07 16:59:07 CST 2022","Sun Aug 07 16:59:07 CST 2022","89","testcases.seller","test_500_addgoods","TestAddGoodsApi","","","商品市场价格为空",""
"passed","Sun Aug 07 16:58:59 CST 2022","Sun Aug 07 16:59:01 CST 2022","1613","testcases.buyer","test_002_create_trade_api","TestCreateTradeApi","","","WAP-CART",""
"failed","Sun Aug 07 16:59:07 CST 2022","Sun Aug 07 16:59:07 CST 2022","231","testcases.seller","test_500_addgoods","TestAddGoodsApi","","","exchange_point为18",""
"passed","Sun Aug 07 16:58:36 CST 2022","Sun Aug 07 16:58:37 CST 2022","972","testcases.business_flow","test_900_order_flow","TestOrderFlow","","","立即购买",""
"passed","Sun Aug 07 16:59:06 CST 2022","Sun Aug 07 16:59:07 CST 2022","131","testcases.buyer","test_003_checkout_params_api","TestSetAddressIdApi","","","设置订单收货地址成功",""
"passed","Sun Aug 07 16:58:50 CST 2022","Sun Aug 07 16:58:52 CST 2022","1360","testcases.buyer","test_002_create_trade_api","TestCreateTradeApi","","","PC-BUY_NOW",""
"passed","Sun Aug 07 16:58:49 CST 2022","Sun Aug 07 16:58:50 CST 2022","117","testcases.buyer","test_001_buy_now_api","TestBuyNowApi","","","num为0",""
"passed","Sun Aug 07 16:58:58 CST 2022","Sun Aug 07 16:58:59 CST 2022","1391","testcases.buyer","test_002_create_trade_api","TestCreateTradeApi","","","PC-CART",""
"passed","Sun Aug 07 16:58:39 CST 2022","Sun Aug 07 16:58:41 CST 2022","1508","testcases.business_flow","test_900_order_flow","TestOrderFlow","","","确认收货",""
"failed","Sun Aug 07 16:58:49 CST 2022","Sun Aug 07 16:58:49 CST 2022","96","testcases.buyer","test_001_buy_now_api","TestBuyNowApi","","","sku_id已下架",""
"passed","Sun Aug 07 16:58:56 CST 2022","Sun Aug 07 16:58:58 CST 2022","1421","testcases.buyer","test_002_create_trade_api","TestCreateTradeApi","","","MINI-BUY_NOW",""
"passed","Sun Aug 07 16:58:50 CST 2022","Sun Aug 07 16:58:50 CST 2022","136","testcases.buyer","test_001_buy_now_api","TestBuyNowApi","","","num超过库存",""
"passed","Sun Aug 07 16:58:52 CST 2022","Sun Aug 07 16:58:53 CST 2022","1560","testcases.buyer","test_002_create_trade_api","TestCreateTradeApi","","","WAP-BUY_NOW",""
"passed","Sun Aug 07 16:59:07 CST 2022","Sun Aug 07 16:59:07 CST 2022","108","testcases.seller","test_500_addgoods","TestAddGoodsApi","","","图片为空",""
"passed","Sun Aug 07 16:58:43 CST 2022","Sun Aug 07 16:58:49 CST 2022","6205","testcases.business_flow","test_900_order_flow","TestOrderFlow","","","买家评论",""
"passed","Sun Aug 07 16:59:07 CST 2022","Sun Aug 07 16:59:07 CST 2022","66","testcases.seller","test_500_addgoods","TestAddGoodsApi","","","商品名称为空",""
"passed","Sun Aug 07 16:59:05 CST 2022","Sun Aug 07 16:59:06 CST 2022","1535","testcases.buyer","test_002_create_trade_api","TestCreateTradeApi","","","MINI-CART",""
"passed","Sun Aug 07 16:58:49 CST 2022","Sun Aug 07 16:58:49 CST 2022","85","testcases.buyer","test_001_buy_now_api","TestBuyNowApi","","","sku_id已删除",""
"passed","Sun Aug 07 16:59:07 CST 2022","Sun Aug 07 16:59:07 CST 2022","82","testcases.seller","test_500_addgoods","TestAddGoodsApi","","","商品价格为空",""
"passed","Sun Aug 07 16:58:37 CST 2022","Sun Aug 07 16:58:38 CST 2022","1345","testcases.business_flow","test_900_order_flow","TestOrderFlow","","","创建交易",""
"passed","Sun Aug 07 16:58:41 CST 2022","Sun Aug 07 16:58:43 CST 2022","1882","testcases.business_flow","test_900_order_flow","TestOrderFlow","","","卖家确认收款",""
"passed","Sun Aug 07 16:58:50 CST 2022","Sun Aug 07 16:58:50 CST 2022","436","testcases.buyer","test_001_buy_now_api","TestBuyNowApi","","","test_buy_now_success",""
"failed","Sun Aug 07 16:59:07 CST 2022","Sun Aug 07 16:59:07 CST 2022","247","testcases.seller","test_500_addgoods","TestAddGoodsApi","","","商品编号为空",""
"passed","Sun Aug 07 16:59:03 CST 2022","Sun Aug 07 16:59:05 CST 2022","1605","testcases.buyer","test_002_create_trade_api","TestCreateTradeApi","","","REACT-CART",""
"passed","Sun Aug 07 16:58:50 CST 2022","Sun Aug 07 16:58:50 CST 2022","99","testcases.buyer","test_001_buy_now_api","TestBuyNowApi","","","num为-1",""
"passed","Sun Aug 07 16:58:49 CST 2022","Sun Aug 07 16:58:49 CST 2022","78","testcases.buyer","test_001_buy_now_api","TestBuyNowApi","","","sku_id不存在",""
"passed","Sun Aug 07 16:58:38 CST 2022","Sun Aug 07 16:58:39 CST 2022","1215","testcases.business_flow","test_900_order_flow","TestOrderFlow","","","卖家发货",""
"passed","Sun Aug 07 16:58:53 CST 2022","Sun Aug 07 16:58:55 CST 2022","1463","testcases.buyer","test_002_create_trade_api","TestCreateTradeApi","","","NATIVE-BUY_NOW",""
"passed","Sun Aug 07 16:58:55 CST 2022","Sun Aug 07 16:58:56 CST 2022","1454","testcases.buyer","test_002_create_trade_api","TestCreateTradeApi","","","REACT-BUY_NOW",""
