{
  "total" : 3,
  "items" : [ {
    "uid" : "9645f88bd4a82d23d54450d7075b5a73",
    "name" : "买家接口测试",
    "statistic" : {
      "failed" : 1,
      "broken" : 0,
      "skipped" : 0,
      "passed" : 2,
      "unknown" : 0,
      "total" : 3
    }
  }, {
    "uid" : "a0827f5d886f8af4896290cc9fdd300e",
    "name" : "卖家接口测试",
    "statistic" : {
      "failed" : 1,
      "broken" : 0,
      "skipped" : 0,
      "passed" : 0,
      "unknown" : 0,
      "total" : 1
    }
  }, {
    "uid" : "37294401628b9df1dacef21d584b2b7f",
    "name" : "主流程测试",
    "statistic" : {
      "failed" : 0,
      "broken" : 0,
      "skipped" : 0,
      "passed" : 1,
      "unknown" : 0,
      "total" : 1
    }
  } ]
}