[ {
  "uid" : "a76dc1445c4abeee",
  "name" : "NATIVE-CART",
  "time" : {
    "start" : 1659862741074,
    "stop" : 1659862743788,
    "duration" : 2714
  },
  "status" : "passed",
  "severity" : "normal"
}, {
  "uid" : "4afe0acc486e1ba0",
  "name" : "商品市场价格为空",
  "time" : {
    "start" : 1659862747500,
    "stop" : 1659862747589,
    "duration" : 89
  },
  "status" : "passed",
  "severity" : "normal"
}, {
  "uid" : "c24dc40a220f1b95",
  "name" : "WAP-CART",
  "time" : {
    "start" : 1659862739457,
    "stop" : 1659862741070,
    "duration" : 1613
  },
  "status" : "passed",
  "severity" : "normal"
}, {
  "uid" : "3a54a3187c6f1774",
  "name" : "exchange_point为18",
  "time" : {
    "start" : 1659862747707,
    "stop" : 1659862747938,
    "duration" : 231
  },
  "status" : "failed",
  "severity" : "normal"
}, {
  "uid" : "f4d0775f0df68571",
  "name" : "立即购买",
  "time" : {
    "start" : 1659862716131,
    "stop" : 1659862717103,
    "duration" : 972
  },
  "status" : "passed",
  "severity" : "normal"
}, {
  "uid" : "c3f52ba7bc4ac232",
  "name" : "设置订单收货地址成功",
  "time" : {
    "start" : 1659862746943,
    "stop" : 1659862747074,
    "duration" : 131
  },
  "status" : "passed",
  "severity" : "normal"
}, {
  "uid" : "bd2f785ea7c6d83b",
  "name" : "PC-BUY_NOW",
  "time" : {
    "start" : 1659862730769,
    "stop" : 1659862732129,
    "duration" : 1360
  },
  "status" : "passed",
  "severity" : "normal"
}, {
  "uid" : "7a422fbd6aa9dcc6",
  "name" : "num为0",
  "time" : {
    "start" : 1659862729936,
    "stop" : 1659862730053,
    "duration" : 117
  },
  "status" : "passed",
  "severity" : "normal"
}, {
  "uid" : "bbb9841422336f7c",
  "name" : "PC-CART",
  "time" : {
    "start" : 1659862738055,
    "stop" : 1659862739446,
    "duration" : 1391
  },
  "status" : "passed",
  "severity" : "normal"
}, {
  "uid" : "6f4c4420a94a635d",
  "name" : "确认收货",
  "time" : {
    "start" : 1659862719678,
    "stop" : 1659862721186,
    "duration" : 1508
  },
  "status" : "passed",
  "severity" : "normal"
}, {
  "uid" : "a1b8538495cba7c6",
  "name" : "sku_id已下架",
  "time" : {
    "start" : 1659862729695,
    "stop" : 1659862729791,
    "duration" : 96
  },
  "status" : "failed",
  "severity" : "normal"
}, {
  "uid" : "27a0d3311bcc76e1",
  "name" : "MINI-BUY_NOW",
  "time" : {
    "start" : 1659862736629,
    "stop" : 1659862738050,
    "duration" : 1421
  },
  "status" : "passed",
  "severity" : "normal"
}, {
  "uid" : "d5a11638bc961cc8",
  "name" : "num超过库存",
  "time" : {
    "start" : 1659862730175,
    "stop" : 1659862730311,
    "duration" : 136
  },
  "status" : "passed",
  "severity" : "normal"
}, {
  "uid" : "6a130ec88e1b35db",
  "name" : "WAP-BUY_NOW",
  "time" : {
    "start" : 1659862732137,
    "stop" : 1659862733697,
    "duration" : 1560
  },
  "status" : "passed",
  "severity" : "normal"
}, {
  "uid" : "e861cfee36dd5deb",
  "name" : "图片为空",
  "time" : {
    "start" : 1659862747594,
    "stop" : 1659862747702,
    "duration" : 108
  },
  "status" : "passed",
  "severity" : "normal"
}, {
  "uid" : "3fa5fd4df987cfb",
  "name" : "买家评论",
  "time" : {
    "start" : 1659862723075,
    "stop" : 1659862729280,
    "duration" : 6205
  },
  "status" : "passed",
  "severity" : "normal"
}, {
  "uid" : "b8bb96dba9ac85a9",
  "name" : "商品名称为空",
  "time" : {
    "start" : 1659862747078,
    "stop" : 1659862747144,
    "duration" : 66
  },
  "status" : "passed",
  "severity" : "normal"
}, {
  "uid" : "36cf2700c6994b43",
  "name" : "MINI-CART",
  "time" : {
    "start" : 1659862745404,
    "stop" : 1659862746939,
    "duration" : 1535
  },
  "status" : "passed",
  "severity" : "normal"
}, {
  "uid" : "cbae4fe0909784b4",
  "name" : "sku_id已删除",
  "time" : {
    "start" : 1659862729844,
    "stop" : 1659862729929,
    "duration" : 85
  },
  "status" : "passed",
  "severity" : "normal"
}, {
  "uid" : "e9333dc6e604f103",
  "name" : "商品价格为空",
  "time" : {
    "start" : 1659862747410,
    "stop" : 1659862747492,
    "duration" : 82
  },
  "status" : "passed",
  "severity" : "normal"
}, {
  "uid" : "58315c224ea5ce50",
  "name" : "创建交易",
  "time" : {
    "start" : 1659862717107,
    "stop" : 1659862718452,
    "duration" : 1345
  },
  "status" : "passed",
  "severity" : "normal"
}, {
  "uid" : "d13f8e60397ea9de",
  "name" : "卖家确认收款",
  "time" : {
    "start" : 1659862721191,
    "stop" : 1659862723073,
    "duration" : 1882
  },
  "status" : "passed",
  "severity" : "normal"
}, {
  "uid" : "52ede8852068f51f",
  "name" : "test_buy_now_success",
  "time" : {
    "start" : 1659862730328,
    "stop" : 1659862730764,
    "duration" : 436
  },
  "status" : "passed",
  "severity" : "normal"
}, {
  "uid" : "21993d2bc2f807a",
  "name" : "商品编号为空",
  "time" : {
    "start" : 1659862747154,
    "stop" : 1659862747401,
    "duration" : 247
  },
  "status" : "failed",
  "severity" : "normal"
}, {
  "uid" : "97bdbc2ff80ab656",
  "name" : "REACT-CART",
  "time" : {
    "start" : 1659862743793,
    "stop" : 1659862745398,
    "duration" : 1605
  },
  "status" : "passed",
  "severity" : "normal"
}, {
  "uid" : "a12bec30e46d049e",
  "name" : "num为-1",
  "time" : {
    "start" : 1659862730063,
    "stop" : 1659862730162,
    "duration" : 99
  },
  "status" : "passed",
  "severity" : "normal"
}, {
  "uid" : "84421f4103ea2d02",
  "name" : "sku_id不存在",
  "time" : {
    "start" : 1659862729608,
    "stop" : 1659862729686,
    "duration" : 78
  },
  "status" : "passed",
  "severity" : "normal"
}, {
  "uid" : "2450a4ed578aa011",
  "name" : "卖家发货",
  "time" : {
    "start" : 1659862718460,
    "stop" : 1659862719675,
    "duration" : 1215
  },
  "status" : "passed",
  "severity" : "normal"
}, {
  "uid" : "923505a2fd128b4f",
  "name" : "NATIVE-BUY_NOW",
  "time" : {
    "start" : 1659862733701,
    "stop" : 1659862735164,
    "duration" : 1463
  },
  "status" : "passed",
  "severity" : "normal"
}, {
  "uid" : "5afe0cb180e9b061",
  "name" : "REACT-BUY_NOW",
  "time" : {
    "start" : 1659862735171,
    "stop" : 1659862736625,
    "duration" : 1454
  },
  "status" : "passed",
  "severity" : "normal"
} ]