{
  "total" : 3,
  "items" : [ {
    "uid" : "87d35efb58bf3e1cb51501df6a5702c6",
    "name" : "testcases.seller",
    "statistic" : {
      "failed" : 2,
      "broken" : 0,
      "skipped" : 0,
      "passed" : 4,
      "unknown" : 0,
      "total" : 6
    }
  }, {
    "uid" : "aa742241b84408bab0b5a624148279a8",
    "name" : "testcases.buyer",
    "statistic" : {
      "failed" : 1,
      "broken" : 0,
      "skipped" : 0,
      "passed" : 17,
      "unknown" : 0,
      "total" : 18
    }
  }, {
    "uid" : "227ddeb154962e3a538e3db4008397b4",
    "name" : "testcases.business_flow",
    "statistic" : {
      "failed" : 0,
      "broken" : 0,
      "skipped" : 0,
      "passed" : 6,
      "unknown" : 0,
      "total" : 6
    }
  } ]
}