{
  "81c95329e680d009d8ea2412d6c25f2d" : {
    "statistic" : {
      "failed" : 0,
      "broken" : 0,
      "skipped" : 0,
      "passed" : 1,
      "unknown" : 0,
      "total" : 1
    },
    "items" : [ {
      "uid" : "a76dc1445c4abeee",
      "status" : "passed",
      "time" : {
        "start" : 1659862741074,
        "stop" : 1659862743788,
        "duration" : 2714
      }
    } ]
  },
  "54b380a597bac9430559969bdc9f64ca" : {
    "statistic" : {
      "failed" : 0,
      "broken" : 0,
      "skipped" : 0,
      "passed" : 1,
      "unknown" : 0,
      "total" : 1
    },
    "items" : [ {
      "uid" : "52ede8852068f51f",
      "status" : "passed",
      "time" : {
        "start" : 1659862730328,
        "stop" : 1659862730764,
        "duration" : 436
      }
    } ]
  },
  "9829bbf36f3f73c5dc91f02641932493" : {
    "statistic" : {
      "failed" : 0,
      "broken" : 0,
      "skipped" : 0,
      "passed" : 1,
      "unknown" : 0,
      "total" : 1
    },
    "items" : [ {
      "uid" : "2450a4ed578aa011",
      "status" : "passed",
      "time" : {
        "start" : 1659862718460,
        "stop" : 1659862719675,
        "duration" : 1215
      }
    } ]
  },
  "0015d806d25ec9d517247449bf544f4f" : {
    "statistic" : {
      "failed" : 0,
      "broken" : 0,
      "skipped" : 0,
      "passed" : 1,
      "unknown" : 0,
      "total" : 1
    },
    "items" : [ {
      "uid" : "c24dc40a220f1b95",
      "status" : "passed",
      "time" : {
        "start" : 1659862739457,
        "stop" : 1659862741070,
        "duration" : 1613
      }
    } ]
  },
  "68f397ab36265c44c19b9784c27e4cc5" : {
    "statistic" : {
      "failed" : 0,
      "broken" : 0,
      "skipped" : 0,
      "passed" : 1,
      "unknown" : 0,
      "total" : 1
    },
    "items" : [ {
      "uid" : "7a422fbd6aa9dcc6",
      "status" : "passed",
      "time" : {
        "start" : 1659862729936,
        "stop" : 1659862730053,
        "duration" : 117
      }
    } ]
  },
  "f75f196d74fa11e6a05fc81ab37a5f07" : {
    "statistic" : {
      "failed" : 0,
      "broken" : 0,
      "skipped" : 0,
      "passed" : 1,
      "unknown" : 0,
      "total" : 1
    },
    "items" : [ {
      "uid" : "cbae4fe0909784b4",
      "status" : "passed",
      "time" : {
        "start" : 1659862729844,
        "stop" : 1659862729929,
        "duration" : 85
      }
    } ]
  },
  "8de28fbc7e57c8c67f5ef8cf0b2068bb" : {
    "statistic" : {
      "failed" : 0,
      "broken" : 0,
      "skipped" : 0,
      "passed" : 1,
      "unknown" : 0,
      "total" : 1
    },
    "items" : [ {
      "uid" : "e861cfee36dd5deb",
      "status" : "passed",
      "time" : {
        "start" : 1659862747594,
        "stop" : 1659862747702,
        "duration" : 108
      }
    } ]
  },
  "64e97b818d060ef2d5b45bde016ab77a" : {
    "statistic" : {
      "failed" : 0,
      "broken" : 0,
      "skipped" : 0,
      "passed" : 1,
      "unknown" : 0,
      "total" : 1
    },
    "items" : [ {
      "uid" : "e9333dc6e604f103",
      "status" : "passed",
      "time" : {
        "start" : 1659862747410,
        "stop" : 1659862747492,
        "duration" : 82
      }
    } ]
  },
  "889453ee5512fcf394d272a863b3d6d1" : {
    "statistic" : {
      "failed" : 0,
      "broken" : 0,
      "skipped" : 0,
      "passed" : 1,
      "unknown" : 0,
      "total" : 1
    },
    "items" : [ {
      "uid" : "b8bb96dba9ac85a9",
      "status" : "passed",
      "time" : {
        "start" : 1659862747078,
        "stop" : 1659862747144,
        "duration" : 66
      }
    } ]
  },
  "a12d45fad8714c257986463c48d27a8e" : {
    "statistic" : {
      "failed" : 0,
      "broken" : 0,
      "skipped" : 0,
      "passed" : 1,
      "unknown" : 0,
      "total" : 1
    },
    "items" : [ {
      "uid" : "a12bec30e46d049e",
      "status" : "passed",
      "time" : {
        "start" : 1659862730063,
        "stop" : 1659862730162,
        "duration" : 99
      }
    } ]
  },
  "194f0999ab9e0652aca096b1f5ccb116" : {
    "statistic" : {
      "failed" : 0,
      "broken" : 0,
      "skipped" : 0,
      "passed" : 1,
      "unknown" : 0,
      "total" : 1
    },
    "items" : [ {
      "uid" : "c3f52ba7bc4ac232",
      "status" : "passed",
      "time" : {
        "start" : 1659862746943,
        "stop" : 1659862747074,
        "duration" : 131
      }
    } ]
  },
  "c23fc34cb19f9c35c6a8d5ba1c9ff705" : {
    "statistic" : {
      "failed" : 0,
      "broken" : 0,
      "skipped" : 0,
      "passed" : 1,
      "unknown" : 0,
      "total" : 1
    },
    "items" : [ {
      "uid" : "5afe0cb180e9b061",
      "status" : "passed",
      "time" : {
        "start" : 1659862735171,
        "stop" : 1659862736625,
        "duration" : 1454
      }
    } ]
  },
  "3c9f82621d50e8c0dc8804f7f1417705" : {
    "statistic" : {
      "failed" : 0,
      "broken" : 0,
      "skipped" : 0,
      "passed" : 1,
      "unknown" : 0,
      "total" : 1
    },
    "items" : [ {
      "uid" : "f4d0775f0df68571",
      "status" : "passed",
      "time" : {
        "start" : 1659862716131,
        "stop" : 1659862717103,
        "duration" : 972
      }
    } ]
  },
  "0d057a03838c942e03d9f5c02c9d2fd9" : {
    "statistic" : {
      "failed" : 0,
      "broken" : 0,
      "skipped" : 0,
      "passed" : 1,
      "unknown" : 0,
      "total" : 1
    },
    "items" : [ {
      "uid" : "58315c224ea5ce50",
      "status" : "passed",
      "time" : {
        "start" : 1659862717107,
        "stop" : 1659862718452,
        "duration" : 1345
      }
    } ]
  },
  "5f69c6341e9ab33c2980703609ec169f" : {
    "statistic" : {
      "failed" : 0,
      "broken" : 0,
      "skipped" : 0,
      "passed" : 1,
      "unknown" : 0,
      "total" : 1
    },
    "items" : [ {
      "uid" : "4afe0acc486e1ba0",
      "status" : "passed",
      "time" : {
        "start" : 1659862747500,
        "stop" : 1659862747589,
        "duration" : 89
      }
    } ]
  },
  "8c5218567406a9dae3d9f6d583dde23c" : {
    "statistic" : {
      "failed" : 0,
      "broken" : 0,
      "skipped" : 0,
      "passed" : 1,
      "unknown" : 0,
      "total" : 1
    },
    "items" : [ {
      "uid" : "bbb9841422336f7c",
      "status" : "passed",
      "time" : {
        "start" : 1659862738055,
        "stop" : 1659862739446,
        "duration" : 1391
      }
    } ]
  },
  "7ba575b946b6da23b63aef58c201b906" : {
    "statistic" : {
      "failed" : 0,
      "broken" : 0,
      "skipped" : 0,
      "passed" : 1,
      "unknown" : 0,
      "total" : 1
    },
    "items" : [ {
      "uid" : "27a0d3311bcc76e1",
      "status" : "passed",
      "time" : {
        "start" : 1659862736629,
        "stop" : 1659862738050,
        "duration" : 1421
      }
    } ]
  },
  "09c8620af843a8ca9b3a1620afc2f36c" : {
    "statistic" : {
      "failed" : 0,
      "broken" : 0,
      "skipped" : 0,
      "passed" : 1,
      "unknown" : 0,
      "total" : 1
    },
    "items" : [ {
      "uid" : "6a130ec88e1b35db",
      "status" : "passed",
      "time" : {
        "start" : 1659862732137,
        "stop" : 1659862733697,
        "duration" : 1560
      }
    } ]
  },
  "069fdecb7e6092b799744e422c7964f2" : {
    "statistic" : {
      "failed" : 0,
      "broken" : 0,
      "skipped" : 0,
      "passed" : 1,
      "unknown" : 0,
      "total" : 1
    },
    "items" : [ {
      "uid" : "3fa5fd4df987cfb",
      "status" : "passed",
      "time" : {
        "start" : 1659862723075,
        "stop" : 1659862729280,
        "duration" : 6205
      }
    } ]
  },
  "fa8597431181f9d59653e9d51da763c6" : {
    "statistic" : {
      "failed" : 1,
      "broken" : 0,
      "skipped" : 0,
      "passed" : 0,
      "unknown" : 0,
      "total" : 1
    },
    "items" : [ {
      "uid" : "a1b8538495cba7c6",
      "status" : "failed",
      "statusDetails" : "pytest_assume.plugin.FailedAssumption: \nOriginal Failure:\n\n>> JSONDecodeError('Expecting value: line 1 column 1 (char 0)')\n\n1 Failed Assumptions:\n\ntestcases\\buyer\\test_001_buy_now_api.py:39: AssumptionFailure\n>>\tpytest.assume(status_code == expect_statuscode, f'实际值是:{status_code},期望值是：{expect_statuscode}')\nAssertionError: 实际值是:200,期望值是：500\nassert False",
      "time" : {
        "start" : 1659862729695,
        "stop" : 1659862729791,
        "duration" : 96
      }
    } ]
  },
  "22671630b46f4d3435eaa189ba3230e8" : {
    "statistic" : {
      "failed" : 0,
      "broken" : 0,
      "skipped" : 0,
      "passed" : 1,
      "unknown" : 0,
      "total" : 1
    },
    "items" : [ {
      "uid" : "bd2f785ea7c6d83b",
      "status" : "passed",
      "time" : {
        "start" : 1659862730769,
        "stop" : 1659862732129,
        "duration" : 1360
      }
    } ]
  },
  "b776dffcce0a2f279571335e55723287" : {
    "statistic" : {
      "failed" : 1,
      "broken" : 0,
      "skipped" : 0,
      "passed" : 0,
      "unknown" : 0,
      "total" : 1
    },
    "items" : [ {
      "uid" : "3a54a3187c6f1774",
      "status" : "failed",
      "statusDetails" : "AssertionError: assert 200 == 400\n  +200\n  -400",
      "time" : {
        "start" : 1659862747707,
        "stop" : 1659862747938,
        "duration" : 231
      }
    } ]
  },
  "808bd7aa92097ca80bed0d3881b88146" : {
    "statistic" : {
      "failed" : 0,
      "broken" : 0,
      "skipped" : 0,
      "passed" : 1,
      "unknown" : 0,
      "total" : 1
    },
    "items" : [ {
      "uid" : "84421f4103ea2d02",
      "status" : "passed",
      "time" : {
        "start" : 1659862729608,
        "stop" : 1659862729686,
        "duration" : 78
      }
    } ]
  },
  "cc36a0e50cd84226c60454e93704a3c1" : {
    "statistic" : {
      "failed" : 0,
      "broken" : 0,
      "skipped" : 0,
      "passed" : 1,
      "unknown" : 0,
      "total" : 1
    },
    "items" : [ {
      "uid" : "d5a11638bc961cc8",
      "status" : "passed",
      "time" : {
        "start" : 1659862730175,
        "stop" : 1659862730311,
        "duration" : 136
      }
    } ]
  },
  "47f5def4bfddceda2497a90a78c64140" : {
    "statistic" : {
      "failed" : 0,
      "broken" : 0,
      "skipped" : 0,
      "passed" : 1,
      "unknown" : 0,
      "total" : 1
    },
    "items" : [ {
      "uid" : "6f4c4420a94a635d",
      "status" : "passed",
      "time" : {
        "start" : 1659862719678,
        "stop" : 1659862721186,
        "duration" : 1508
      }
    } ]
  },
  "16dcfdc47dc4e42fd8ca9ae9e92b42ac" : {
    "statistic" : {
      "failed" : 0,
      "broken" : 0,
      "skipped" : 0,
      "passed" : 1,
      "unknown" : 0,
      "total" : 1
    },
    "items" : [ {
      "uid" : "923505a2fd128b4f",
      "status" : "passed",
      "time" : {
        "start" : 1659862733701,
        "stop" : 1659862735164,
        "duration" : 1463
      }
    } ]
  },
  "aa0425ab86c74c97ff5440a6fe34cb7b" : {
    "statistic" : {
      "failed" : 0,
      "broken" : 0,
      "skipped" : 0,
      "passed" : 1,
      "unknown" : 0,
      "total" : 1
    },
    "items" : [ {
      "uid" : "36cf2700c6994b43",
      "status" : "passed",
      "time" : {
        "start" : 1659862745404,
        "stop" : 1659862746939,
        "duration" : 1535
      }
    } ]
  },
  "9bd29f2510d24fbf41adfea3f2cb4ba3" : {
    "statistic" : {
      "failed" : 0,
      "broken" : 0,
      "skipped" : 0,
      "passed" : 1,
      "unknown" : 0,
      "total" : 1
    },
    "items" : [ {
      "uid" : "d13f8e60397ea9de",
      "status" : "passed",
      "time" : {
        "start" : 1659862721191,
        "stop" : 1659862723073,
        "duration" : 1882
      }
    } ]
  },
  "c8ebce9722dcf707afb806d0b82a288c" : {
    "statistic" : {
      "failed" : 1,
      "broken" : 0,
      "skipped" : 0,
      "passed" : 0,
      "unknown" : 0,
      "total" : 1
    },
    "items" : [ {
      "uid" : "21993d2bc2f807a",
      "status" : "failed",
      "statusDetails" : "AssertionError: assert 200 == 400\n  +200\n  -400",
      "time" : {
        "start" : 1659862747154,
        "stop" : 1659862747401,
        "duration" : 247
      }
    } ]
  },
  "ac785d1d4d9e2020764a978c743fc5a0" : {
    "statistic" : {
      "failed" : 0,
      "broken" : 0,
      "skipped" : 0,
      "passed" : 1,
      "unknown" : 0,
      "total" : 1
    },
    "items" : [ {
      "uid" : "97bdbc2ff80ab656",
      "status" : "passed",
      "time" : {
        "start" : 1659862743793,
        "stop" : 1659862745398,
        "duration" : 1605
      }
    } ]
  }
}